Row Labels,Sum of Revenue
Australia,21302059
New South Wales,9203495
Queensland,5066267
South Australia,1397274
Tasmania,580184
Victoria,5054839
Canada,7935738
Alberta,56803
British Columbia,7877890
Ontario,1045
France,8432872
Charente-Maritime,106047
Essonne,973532
Garonne (Haute),183906
Hauts de Seine,937140
Loir et Cher,82533
Loiret,325172
Moselle,266223
Nord,1324652
Pas de Calais,50413
Seine (Paris),1643279
Seine et Marne,373285
Seine Saint Denis,1131634
Somme,102179
Val de Marne,93446
Val d'Oise,148295
Yveline,691136
Germany,8978596
Bayern,1341985
Brandenburg,169770
Hamburg,1559005
Hessen,2073391
Nordrhein-Westfalen,1804900
Saarland,2029545
United Kingdom,10646196
England,10646196
United States,27975547
Alabama,210
Arizona,9379
California,17672620
Florida,11014
Georgia,4862
Illinois,20141
Kentucky,3756
Massachusetts,4084
Minnesota,1466
Mississippi,1684
Missouri,1739
Montana,2005
New York,5257
North Carolina,405
Ohio,9747
Oregon,3450410
South Carolina,1241
Texas,6835
Utah,4037
Virginia,1172
Washington,6741510
Wyoming,21973
Grand Total,85271008
